{
    "views": {
        "login_email": {
            "resource_id": ".*email",
            "class": ".*EditText"
        },
        "login_password": {
            "resource_id": ".*password",
            "class": ".*EditText"
        },
        "login_button": {
            "resource_id": ".*next",
            "class": ".*Button"
        }
    },
    "states": {
        "login_state": {
            "views": ["login_email", "login_password", "login_button"]
        }
    },
    "operations": {
        "login_operation": [
            {
                "event_type": "set_text",
                "target_view": "login_email",
                "text": "sample@email.com"
            },
            {
                "event_type": "set_text",
                "target_view": "login_password",
                "text": "sample_password"
            },
            {
                "event_type": "touch",
                "target_view": "login_button"
            },
            {
                "event_type": "exit"
            }
        ]
    },
    "main": {
        "login_state": ["login_operation"]
    }
}
